{
  "project_info": {
    "project_number": "726200223783",
    "project_id": "birdlifeauth",
    "storage_bucket": "birdlifeauth.appspot.com"
  },
  "client": [
    {
      "client_info": {
        "mobilesdk_app_id": "1:726200223783:android:e75f6d66b8e20b7af1a602",
        "android_client_info": {
          "package_name": "com.example.birdlife"
        }
      },
      "oauth_client": [],
      "api_key": [
        {
          "current_key": "AIzaSyClUpzwKPe2GpnjEHGj6GcLxcX2bHViwSo"
        }
      ],
      "services": {
        "appinvite_service": {
          "other_platform_oauth_client": []
        }
      }
    }
  ],
  "configuration_version": "1"
}